{
  "PQIT6R": 100.78,
  "Q1PDR": 216.5091,
  "Q2PDR": 160.32,
  "Q3P1T1R": 228.6879888624747,
  "Q3P1T6R": 242.29319292639113,
  "Q3P1T8R": 220.08648886247468,
  "Q3P2T1R": 220.1813929263911,
  "Q3P2T6R": 207.2077929263911,
  "Q3P2T8R": 229.1187439249117,
  "Q3PD1R": 180.01729292639112,
  "Q3PD2R": 190.19529292639112,
  "Q3PD3R": 190.1020888624747,
  "Q3PD4R": 190.20589292639113,
  "Q3PD5R": 190.19269292639112,
  "Q3PD6R": 190.10323260379118,
  "Q3PD7R": 190.0528929263911,
  "Q3PD8R": 189.97559292639113,
  "Q3PT2R": 219.8793816052706,
  "Q3PT3R": 219.99859292639113,
  "Q3PT4R": 219.98909292639112,
  "Q3PT5R": 219.74269292639113,
  "Q3PT7R": 220.10358886247468,
  "Q4P1T1R": 249.68689705056278,
  "Q4P1T6R": 212.80442761951107,
  "Q4P1T8R": 246.57529705056277,
  "Q4P2T1R": 246.58152761951106,
  "Q4P2T6R": 244.85032761951106,
  "Q4P2T8R": 250.87570475930394,
  "Q4PD1R": 130.99326161951106,
  "Q4PD2R": 139.03032761951107,
  "Q4PD3R": 138.97179705056277,
  "Q4PD4R": 139.02512761951107,
  "Q4PD5R": 138.84822761951108,
  "Q4PD6R": 139.04241317434708,
  "Q4PD7R": 138.96672761951106,
  "Q4PD8R": 138.92542761951105,
  "Q4PT2R": 246.3927360345542,
  "Q4PT3R": 246.47682761951106,
  "Q4PT4R": 246.47472761951107,
  "Q4PT5R": 246.41102761951106,
  "Q4PT7R": 246.57169705056276,
  "Q5P1T1R": 211.24,
  "Q5P1T6R": 89.78,
  "Q5P1T8R": 227.68,
  "Q5P2T1R": 227.68,
  "Q5P2T6R": 217.75,
  "Q5P2T8R": 212.12,
  "Q5PT2R": 227.68,
  "Q5PT3R": 227.68,
  "Q5PT4R": 227.68,
  "Q5PT5R": 227.68,
  "Q5PT7R": 227.68
}